{
	"pages": [ //pages数组中第一项表示应用启动页，参考：https://uniapp.dcloud.io/collocation/pages
		{
			"path": "pages/index/index",
			"style": {
				"navigationBarTitleText": "百年奥莱",
				"navigationBarBackgroundColor":"#FFFFFF",
				"app-plus":{
					"scrollIndicator":"none",
					"titleNView":{
						"buttons":[
							{
								"float":"left",
								"fontSrc":"./static/iconfont.ttf",
								"text":"\ue69d"
							},
							{
								"float":"right",
								"fontSrc":"./static/iconfont.ttf",
								"text":"\ue622"
							}
						]
					}
				}
			}
		}
	    ,{
            "path" : "pages/list/list",
            "style" : {}
        }
        ,{
            "path" : "pages/shopcart/shopcart",
            "style" : {}
        }
        ,{
            "path" : "pages/my/my",
            "style" : {}
        }
    ],
	"globalStyle": {
		"navigationBarTextStyle": "black",
		"navigationBarTitleText": "uni-app",
		"navigationBarBackgroundColor": "#F8F8F8",
		"backgroundColor": "#F8F8F8"
	},
	"tabBar": {
		"color":"#636263",
		"selectedColor":"#636263",
		"spacing":"8px",
	    "list": [
			{
				"pagePath": "pages/index/index",
				"iconPath":"static/tabbar/index.png",
				"selectedIconPath":"static/tabbar/indexSelected.png",
				"text": "首页"
			}, 
			{
				"pagePath": "pages/list/list",
				"iconPath":"static/tabbar/list.png",
				"selectedIconPath":"static/tabbar/listSelected.png",
				"text": "分类"
			},
			{
				"pagePath": "pages/shopcart/shopcart",
				"iconPath":"static/tabbar/shop.png",
				"selectedIconPath":"static/tabbar/shopSelected.png",
				"text": "购物车"
			},
			{
				"pagePath": "pages/my/my",
				"iconPath":"static/tabbar/my.png",
				"selectedIconPath":"static/tabbar/mySelected.png",
				"text": "我的"
			}
		]
	}
}
